Average Reward,Min Reward,Max Reward,Advantage Mean,Advantage Std,Average Entropy Loss,Last Entropy Loss,Average Policy Loss,Last Policy Loss,Average Value Loss,Last Value Loss,Average Latency
-1.78217,-8.91486,0.94627,0,1,1.4197,1.42075,-0.0053,-0.00672,26796.084,26473.07812,~?2?552.22
-1.13332,-6.71509,0.9129,0,1,1.4182,1.41575,-0.00198,-0.04753,9356.049,9128.47559,~?1?597.85
-2.14991,-9.07137,0.91137,0,1,1.4146,1.41329,-0.00288,0.13738,34416.32,36994.21875,~?3?163.77
-2.52274,-10.81338,0.94438,0,1,1.4133,1.41276,-0.00208,0.10704,46884.562,48780.40234,~?4?021.73
-1.70136,-9.18681,0.94881,0,1,1.4138,1.41434,-0.00184,0.11328,26429.68,28569.86328,~?2?444.56
-2.08656,-9.37231,0.9373,0,1,1.417,1.41961,-0.00409,0.26872,39852.6,46804.90625,~?3?110.32
-1.57472,-10.16601,0.94018,0,1,1.4196,1.41877,-0.00213,0.04983,15326.528,16581.14648,~?2?349.86
-1.44072,-7.81935,0.91871,0,1,1.416,1.41316,-0.00243,0.08964,18102.188,19011.73633,~?2?063.3
-2.56868,-9.76907,0.77914,0,1,1.4105,1.40779,-0.00164,0.08164,51830.97,53972.16406,~?3?923.66
-0.88962,-7.09848,0.94804,0,1,1.407,1.40595,-0.00301,-0.04188,5092.7886,4905.22363,~?1?181.47
-1.98454,-9.59567,0.94379,0,1,1.409,1.41158,-0.00198,0.12975,38791.957,41769.89453,~?3?054.52
-2.7065,-10.37659,0.91814,0,1,1.4156,1.41925,-0.00291,-0.14326,72987.46,63595.28125,~?4?107.5
-1.2426,-7.92022,0.94271,0,1,1.417,1.41469,-0.00359,0.15496,9674.807,10707.71484,~?1?721.87
-1.40247,-8.27797,0.77473,0,1,1.4168,1.41849,-0.0021,-0.07026,9953.614,9467.25098,~?1?800.5
-1.98714,-10.54907,0.9345,0,1,1.4194,1.41983,-0.00361,0.15579,26646.912,29785.5,~?2?746.78
-1.88319,-11.15511,0.90374,0,1,1.4234,1.42675,-0.00236,0.06524,24145.955,24658.4375,~?2?568.96
-3.16135,-10.87543,0.7598,0,1,1.4251,1.42436,-0.0067,-0.00685,74471.79,71864.29688,~?4?638.65
-2.73686,-8.72281,0.90889,0,1,1.4237,1.42245,-0.00739,-0.07379,46167.742,41332.92188,~?4?354.88
-1.20048,-9.63117,0.95116,0,1,1.4253,1.42765,-0.00301,-0.05177,4756.8857,4144.30371,~?1?587.42
-1.29194,-7.58448,0.95014,0,1,1.4258,1.42425,-0.00367,-0.21299,6673.3,5516.97656,~?1?813.02
-1.08229,-7.56495,0.77846,0,1,1.4255,1.42655,-0.00209,-0.12292,2184.3196,1817.88025,~?1?341.09
-1.19263,-7.25198,0.90373,0,1,1.4268,1.42742,-0.00304,0.13855,3766.2925,3705.2854,~?1?521.58
-1.70712,-9.63527,0.94313,0,1,1.4295,1.43222,-0.00373,-0.10054,12563.256,10825.50879,~?2?369.86
-1.6679,-8.75806,0.89036,0,1,1.4307,1.42964,-0.00271,0.06903,9340.334,9952.44531,~?2?186.21
-1.1094,-7.1183,0.81886,0,1,1.4275,1.42583,-0.00665,-0.19678,1696.1035,1832.6167,~?1?253.01
-1.79447,-7.97914,0.8016,0,1,1.4225,1.41941,-0.0042,0.17019,6602.198,6965.90625,~?2?182.04
-1.60413,-7.86233,0.84404,0,1,1.416,1.41312,-0.00816,0.05027,4786.474,4372.45947,~?2?063.62
-2.03695,-9.41429,0.91078,0,1,1.4103,1.40816,-0.00477,-0.1665,7692.245,7615.38672,~?2?921.92
-1.51336,-9.48148,0.93923,0,1,1.4066,1.40465,-0.00433,0.05106,3879.347,3456.50952,~?1?794.41
-1.32476,-7.72769,0.90447,0,1,1.4004,1.39677,-0.00623,0.02884,3121.892,3189.95264,~?1?285.5
-1.50409,-10.37333,0.90485,0,1,1.3947,1.39161,-0.01069,-0.0312,4283.161,3474.3291,~?1?033.56
-1.47466,-8.02806,0.94295,0,1,1.3898,1.38764,-0.00669,-0.03787,3985.2227,3385.79565,~?995.943
-1.95687,-8.22719,0.74408,0,1,1.3839,1.38037,-0.00385,-0.13759,7146.575,6807.14404,~?2?043.81
-1.91379,-8.95714,0.85509,0,1,1.3762,1.37222,-0.01881,-0.00621,4753.04,3800.34497,~?1?600.96
-1.89998,-8.64208,0.95161,0,1,1.3716,1.37169,-0.00585,0.03981,3940.4758,2949.92383,~?868.358
-1.73654,-7.36666,0.9423,0,1,1.3689,1.36594,-0.00887,0.05983,3068.3796,2777.60205,~?917.34
-1.73164,-8.8423,0.85126,0,1,1.3632,1.36043,-0.01193,-0.07849,3476.323,3215.63013,~?1?047.94
-1.74076,-7.67634,0.86447,0,1,1.3586,1.35646,-0.00764,-0.02051,2420.3118,2897.3103,~?1?017.52
-1.93152,-7.57127,0.94063,0,1,1.3534,1.35035,-0.00489,-0.02343,3682.4429,3191.28149,~?999.561
-1.4544,-6.94429,0.9295,0,1,1.3508,1.35057,-0.00666,-0.22208,2120.6414,2122.25024,~?860.202
-1.69175,-6.64478,0.84387,0,1,1.35,1.34969,-0.00702,-0.0526,2078.3992,2239.64258,~?790.959
-1.83387,-7.47033,0.90579,0,1,1.3492,1.34896,-0.00276,-0.01489,2996.645,2835.99292,~?1?207.77
-2.44802,-9.18357,0.79811,0,1,1.3479,1.34602,-0.00186,0.11832,5161.296,5816.85352,~?2?319.8
-2.08392,-8.0918,0.88659,0,1,1.3417,1.33797,-0.00571,0.11758,6282.739,5881.64941,~?1?358.93
-2.13451,-7.69632,0.9166,0,1,1.3392,1.34072,-0.00418,-0.15388,3573.8022,2871.32056,~?1?188.26
-2.18229,-7.99769,0.67909,0,1,1.3368,1.333,-0.00883,0.09912,7018.944,5328.38086,~?2?131.63
-2.15231,-9.02001,0.76402,0,1,1.3282,1.32369,-0.00441,0.08427,6572.0747,5479.29785,~?2?031.35
-2.45141,-8.91828,0.71638,0,1,1.323,1.32422,-0.0089,0.00916,7046.881,5909.61572,~?2?016.58
-1.91578,-8.1082,0.8782,0,1,1.3206,1.31763,-0.01652,-0.10956,2016.0651,2584.77441,~?1?535.41
-2.03079,-8.33917,0.8339,0,1,1.317,1.31683,-0.0058,0.03576,5852.536,5920.29883,~?1?267.54
-2.22133,-8.52065,0.86356,0,1,1.3137,1.31053,-0.0066,-0.12102,5159.0913,4626.21777,~?1?301.79
-2.59341,-8.8499,0.91616,0,1,1.3063,1.30209,-0.00493,0.14206,10482.943,7971.52148,~?2?457.57
-2.55312,-8.94054,0.81375,0,1,1.2996,1.29741,-0.00826,0.0336,8233.555,6260.77881,~?2?261.58
-2.09008,-6.92534,0.86912,0,1,1.2972,1.2954,-0.02079,-0.20846,4462.422,3771.48853,~?1?728.22
-2.24909,-9.45224,0.81988,0,1,1.294,1.29274,-0.01118,-0.08264,6984.828,6928.68457,~?1?529.84
-2.1721,-7.72607,0.58912,0,1,1.2891,1.28602,-0.0247,-0.0816,4681.9487,4221.17285,~?2?232.36
-1.95961,-7.38554,0.8412,0,1,1.2826,1.2795,-0.00812,0.07909,4045.4277,3546.21924,~?991.156
-2.68269,-8.66726,0.79177,0,1,1.2768,1.27516,-0.01764,0.09095,8001.6436,8230.18164,~?2?558.06
-1.94091,-6.66979,0.90526,0,1,1.2725,1.27167,-0.02139,-0.03079,2657.39,2364.7373,~?517.949
-2.36498,-7.81424,0.73821,0,1,1.2686,1.26636,-0.01321,0.01869,5633.821,5500.53564,~?2?307.4
-2.55893,-9.20507,0.81032,0,1,1.2623,1.25855,-0.00705,0.16048,6420.956,6658.63965,~?1?720.45
-2.24555,-7.59443,0.93066,0,1,1.259,1.25908,-0.00526,0.19121,4026.7024,2938.6001,~?584.276
-3.17096,-10.29138,0.85523,0,1,1.2579,1.25654,-0.00726,0.03426,17830.225,21434.85938,~?1?775.15
-2.24855,-6.84815,0.88682,0,1,1.2544,1.25223,-0.00117,0.06185,3897.8608,4331.7373,~?463.422
-2.49765,-8.92632,0.90007,0,1,1.2498,1.24801,-0.007,0.03648,4767.568,3180.07202,~?942.77
-2.89223,-9.43652,0.66158,0,1,1.2438,1.23986,-0.00809,0.01661,13988.254,14698.94043,~?2?039.93
-2.30449,-6.80814,0.91361,0,1,1.2393,1.23855,-0.00994,-0.05573,3441.9043,2445.93213,~?692.32
-2.51555,-6.16018,0.92232,0,1,1.2374,1.2374,-0.00806,0.00515,4420.8164,3749.50879,~?164.233
-2.9219,-9.59141,0.85388,0,1,1.2339,1.23047,-0.00357,0.15112,10946.615,8006.24023,~?1?010.82
-2.59123,-7.06909,0.91231,0,1,1.2277,1.22584,-0.008,-0.08089,6636.0845,7038.6543,~?401.894
-2.83332,-9.12274,0.77922,0,1,1.2258,1.22436,-0.00586,-0.14387,7412.489,7265.96729,~?867.349
-2.68352,-6.68005,0.93712,0,1,1.224,1.22371,-0.00757,0.20427,5913.8276,4096.79639,~?188.567
-3.18271,-9.40764,0.79902,0,1,1.2194,1.21499,-0.00522,0.02073,9560.002,9922.66797,~?1?963.51
-2.55415,-7.66892,0.69555,0,1,1.2146,1.21394,-0.00467,0.20223,5541.5146,4828.1001,~?829.944
-3.206,-9.68443,0.78803,0,1,1.2095,1.20503,-0.00461,-0.03763,11016.041,10980.71289,~?1?415.4
-3.1146,-10.64277,0.82042,0,1,1.2052,1.20571,-0.00163,-0.13535,7754.2944,8612.20508,~?947.78
-2.52169,-6.89201,0.94404,0,1,1.2034,1.2006,-0.00479,-0.03211,5493.5063,5243.87402,~?313.585
-2.63718,-7.43938,0.88234,0,1,1.2023,1.2053,-0.00349,0.01225,5235.431,5489.98193,~?969.559
-2.68092,-8.92453,0.85704,0,1,1.2048,1.20454,-0.00269,-0.03034,4725.792,4037.84351,~?977.869
-2.64896,-6.59496,0.82632,0,1,1.2066,1.20777,-0.00371,-0.03049,4771.792,4712.46777,~?243.355
-2.73557,-7.35652,0.80519,0,1,1.2062,1.20361,-0.00622,-0.14867,5074.3804,5797.46973,~?377.633
-2.71275,-6.16115,0.92051,0,1,1.2019,1.20097,-0.00688,-0.00452,5161.2744,4816.94336,~?93.719
-2.72229,-6.27602,0.85375,0,1,1.2002,1.19993,-0.00629,0.03269,4969.399,4807.18799,~?103.978
-2.79858,-6.16736,0.8197,0,1,1.2001,1.19963,-0.00571,-0.03488,5182.3374,6180.66406,~?126.195
-2.72136,-6.46744,0.85878,0,1,1.1982,1.1971,-0.00353,0.02011,4957.297,5132.16064,~?143.196
-2.79388,-6.63436,0.76402,0,1,1.1958,1.19434,-0.00332,0.05341,4438.964,4529.53809,~?218.194
-2.56221,-6.08199,0.82303,0,1,1.1913,1.18876,-0.00934,0.03262,4793.8374,3953.68115,~?78.263?2
-2.72811,-6.0957,0.8038,0,1,1.1869,1.18489,-0.00297,-0.24431,4338.28,6401.02783,~?83.908?5
-2.74031,-6.14674,0.82704,0,1,1.1845,1.18404,-0.00294,0.20798,5501.28,3464.60034,~?93.908?8
-2.76423,-6.05778,0.71634,0,1,1.1851,1.18534,-0.00688,-0.08308,5385.716,5818.88281,~?90.722?1
-2.74136,-6.12569,0.84341,0,1,1.1847,1.18369,-0.00554,-0.10833,4792.423,5891.09912,~?71.207?1
-2.56084,-6.05357,0.69536,0,1,1.1824,1.18106,-0.00917,-0.00429,4900.8994,4330.66211,~?59.542?7
-2.94785,-6.20598,0.41117,0,1,1.1818,1.18228,-0.00621,-0.11132,6292.4937,6588.04785,~?88.565?2
-2.73098,-6.14515,0.39452,0,1,1.18,1.17807,-0.0037,-0.2918,5248.991,6994.12598,~?77.186?1
-2.86522,-6.08682,0.66496,0,1,1.1764,1.17462,-0.00472,0.08991,5584.8047,5207.3916,~?71.656?9
-2.91686,-6.07666,0.51912,0,1,1.174,1.17276,-0.00431,-0.08639,6270.7876,6567.4375,~?112.796
-2.86149,-6.1226,0.60007,0,1,1.1725,1.1717,-0.0087,-0.07995,5581.6104,6541.17871,~?78.857?7
-3.03681,-6.1742,0.28188,0,1,1.1693,1.1672,-0.00794,0.11443,6617.408,4970.16699,~?102.282
-2.89705,-6.12742,0.34014,0,1,1.1657,1.16413,-0.00838,0.13585,5059.5063,4957.95752,~?85.065?6
-2.97776,-6.08395,0.38445,0,1,1.1624,1.16107,-0.00664,-0.10348,5963.9463,6146.96094,~?77.689
-2.85811,-6.06292,0.36431,0,1,1.1608,1.1597,-0.00462,-0.00242,5307.882,5708.43213,~?71.374?2
-2.78391,-6.06907,0.39452,0,1,1.1587,1.15671,-0.00464,-0.16035,4949.991,5985.6084,~?65.317
-3.06115,-6.13123,0.36102,0,1,1.1567,1.1557,-0.00638,-0.18011,6838.487,8391.99219,~?83.472?1
-2.87395,-6.09924,0.38503,0,1,1.1548,1.15355,-0.00178,-0.01183,4893.243,5822.37256,~?71.942?4
-2.84322,-6.04891,0.36431,0,1,1.1518,1.1501,-0.0064,0.25609,5127.161,3057.32935,~?84.206?2
-2.91632,-6.08826,0.38595,0,1,1.1484,1.14633,-0.00806,-0.09702,5216.5845,4889.47852,~?79.952?9
-2.83032,-6.20844,0.39452,0,1,1.1444,1.14213,-0.00598,0.17799,5493.081,4572.14062,~?89.545?9
-2.86778,-6.06927,0.37438,0,1,1.1418,1.14056,-0.00352,-0.01883,5512.771,5611.47559,~?73.695?8
-2.87735,-6.08874,0.37611,0,1,1.1377,1.13593,-0.00425,-0.00222,6110.63,5573.71045,~?77.719
-2.87218,-6.14134,0.38445,0,1,1.1349,1.13361,-0.00559,-0.09279,4924.7334,6407.07617,~?69.635?6
-2.79474,-6.13001,0.39452,0,1,1.1319,1.13042,-0.00535,0.17865,4663.232,4303.35742,~?75.439?4
-2.83897,-6.10998,0.38408,0,1,1.1298,1.12862,-0.00416,-0.11329,4921.561,5713.67383,~?73.253?9
-2.74549,-6.10867,0.39452,0,1,1.1262,1.1243,-0.00633,-0.0434,4882.6313,4307.57715,~?80.252?7
-2.81339,-6.13829,0.39452,0,1,1.1236,1.12164,-0.00704,-0.03866,4339.069,4183.17969,~?73.01
-2.79676,-6.09077,0.39452,0,1,1.1197,1.1174,-0.00712,-0.02017,5174.969,5561.07324,~?72.040?2
-2.933,-6.11891,0.39359,0,1,1.1155,1.11393,-0.00622,0.00067,5442.7725,5947.33838,~?83.696?5
-2.88453,-6.06028,0.38445,0,1,1.1116,1.11004,-0.00654,-0.17812,5251.8584,6986.41309,~?77.544?1
-2.84294,-6.14255,0.39452,0,1,1.1093,1.10836,-0.00596,0.1135,4750.3115,3748.62329,~?74.180?7
-2.7315,-6.05468,0.39452,0,1,1.107,1.10494,-0.00482,0.20426,4329.4014,2779.24707,~?73.742?2
-2.80622,-6.07861,0.39452,0,1,1.1021,1.10008,-0.0068,-0.03381,5835.547,6495.0376,~?67.533
-2.95927,-6.07786,0.37438,0,1,1.0987,1.09674,-0.00571,0.15249,5011.7705,3208.47778,~?72.648?1
-2.95943,-6.13453,0.38445,0,1,1.0964,1.09588,-0.00575,-0.19064,4894.3384,6190.87988,~?93.549?3
-2.88986,-6.18131,0.39452,0,1,1.0953,1.09378,-0.00624,-0.09305,5091.001,4920.42578,~?94.551?2
-2.88011,-6.04707,0.37003,0,1,1.0921,1.09032,-0.0047,0.03937,4938.6025,4637.42432,~?67.542?8
-2.85099,-6.04021,0.39452,0,1,1.0888,1.08712,-0.00514,-0.05434,4809.2637,6142.90234,~?80.096?2
-2.7565,-6.17399,0.37694,0,1,1.0843,1.08243,-0.00396,0.17251,4788.0127,2806.03613,~?72.514?8
-2.82526,-6.13245,0.387,0,1,1.0809,1.07952,-0.00633,0.20109,5518.223,3019.44971,~?78.636?8
-2.83426,-6.10789,0.38704,0,1,1.0786,1.07708,-0.00497,0.17352,5649.2817,3827.19287,~?88.565?1
-2.81988,-6.048,0.37438,0,1,1.0743,1.07219,-0.00596,-0.03852,5315.583,5494.39355,~?71.984?5
-2.78152,-6.06743,0.39452,0,1,1.0707,1.06935,-0.00651,-0.04077,4768.9736,4715.1084,~?77.229?3
-2.8757,-6.12966,0.35424,0,1,1.0679,1.06612,-0.0044,0.07656,5467.917,4666.82275,~?81.885?3
-2.91087,-6.12554,0.39452,0,1,1.0649,1.06349,-0.00637,-0.05408,5241.3486,6151.21289,~?84.582?5
-2.94235,-6.06803,0.36431,0,1,1.0634,1.06285,-0.00613,-0.07869,5373.8916,6269.94141,~?73.749?2
-2.76564,-6.11338,0.39452,0,1,1.0608,1.05829,-0.00643,0.09542,5102.9595,4470.31641,~?80.740?8
-2.87905,-6.21011,0.39452,0,1,1.0555,1.05409,-0.00489,0.00271,5530.956,6275.20215,~?80.053?5
-2.93833,-6.12192,0.39104,0,1,1.0533,1.05206,-0.00535,0.04025,5630.3174,5238.11914,~?77.352?9
-2.82195,-6.08979,0.39452,0,1,1.0496,1.04697,-0.00735,0.16967,5482.4937,4542.2251,~?84.851?7
-2.94443,-6.05287,0.34335,0,1,1.0463,1.04498,-0.00575,0.032,5224.747,4814.15479,~?71.817?3
-2.8253,-6.08672,0.39452,0,1,1.0441,1.04328,-0.00632,0.05147,5289.4106,5597.13623,~?77.519
-2.91574,-6.1292,0.36431,0,1,1.0415,1.03967,-0.0063,-0.18195,5314.298,5695.81396,~?80.576?7
-2.87182,-6.06387,0.39452,0,1,1.0389,1.03777,-0.00526,-0.05872,4818.943,4852.77637,~?72.712?1
-2.82607,-6.08685,0.39452,0,1,1.0368,1.03537,-0.00604,0.06597,4519.186,3625.99292,~?70.218?6
-2.82284,-6.04021,0.37035,0,1,1.0348,1.03352,-0.00543,0.13111,4926.7217,3258.69897,~?72.277?4
-2.95058,-6.26251,0.38445,0,1,1.0316,1.03011,-0.00279,0.20623,5266.325,2893.77368,~?97.375?3
-2.74711,-6.08462,0.39452,0,1,1.0285,1.0266,-0.00891,0.16637,4873.7314,3491.7168,~?74.188?7
-2.71107,-5.99175,0.3636,0,1,1.0251,1.02369,-0.00614,0.12149,4109.2656,2889.65259,~?72.263?5
-2.89429,-6.05367,0.36915,0,1,1.0212,1.01968,-0.00501,-0.05865,4897.884,5757.87354,~?74.683?2
-2.8731,-6.03322,0.38445,0,1,1.0187,1.01746,-0.007,-0.16718,5232.8135,5131.71094,~?78.234?2
-2.91464,-6.08159,0.38445,0,1,1.0164,1.01551,-0.00488,-0.0035,4611.0703,4426.19629,~?70.889?6
-2.84882,-6.073,0.35775,0,1,1.0139,1.01253,-0.00414,-0.1292,4458.749,5285.08984,~?64.575?3
-2.93827,-6.03228,0.37438,0,1,1.0113,1.01058,-0.00515,0.14401,4460.8545,2623.98584,~?77.497?6
-2.88332,-6.04392,0.34933,0,1,1.0097,1.00906,-0.0039,0.17503,4732.7954,3416.25928,~?68.561?3
-2.68678,-6.08646,0.39452,0,1,1.0067,1.00463,-0.00764,-0.03459,5063.8477,4363.65869,~?68.244?6
-2.87749,-6.14548,0.36431,0,1,1.0032,1.0022,-0.0035,0.05055,5073.0757,4254.36133,~?81.150?9
-2.81844,-6.05603,0.38578,0,1,1.0006,0.99936,-0.00482,-0.05873,4415.6406,4305.80811,~?73.853?7
-2.93397,-6.05974,0.39452,0,1,0.9989,0.99733,-0.00478,0.03076,5790,5537.2168,~?79.223?2
-2.75192,-6.04659,0.38599,0,1,0.9967,0.99561,-0.00568,-0.00236,4534.0957,4654.99707,~?71.352
-2.902,-6.20807,0.39452,0,1,0.9948,0.99358,-0.00618,0.06877,5153.841,4240.94531,~?103.967
-2.80507,-6.06153,0.36431,0,1,0.9908,0.98881,-0.00501,-0.10965,5046.6113,6665.41455,~?68.291?8
-2.96222,-6.15457,0.3577,0,1,0.989,0.98791,-0.005,0.03812,6239.2837,7374.44775,~?79.346?3
-2.82824,-6.04544,0.37923,0,1,0.9864,0.98499,-0.00627,-0.15178,5239.374,6090.32812,~?77.588?9
-2.86241,-6.0676,0.38445,0,1,0.9831,0.98158,-0.00284,-0.18936,5503.3066,6790.50635,~?81.116?4
-2.80552,-6.03242,0.39452,0,1,0.9791,0.97716,-0.00742,-0.01268,5287.3,6320.45215,~?65.135?2
-2.92198,-6.11488,0.35582,0,1,0.9769,0.97555,-0.00595,0.14998,4300.2935,3372.68384,~?89.162?1
-2.96565,-6.09808,0.3631,0,1,0.9735,0.97253,-0.00615,0.00159,5008.6533,4276.34863,~?77.135?3
-2.70039,-6.04188,0.37438,0,1,0.9692,0.96646,-0.00622,-0.03273,4307.8076,4953.05762,~?63.508?6
-2.95134,-6.06332,0.38642,0,1,0.9647,0.96272,-0.00445,-0.10437,6163.5576,6754.18652,~?92.290?8
-2.93941,-6.04021,0.39452,0,1,0.9611,0.96039,-0.00559,-0.1695,5176.4624,6729.96875,~?75.663?2
-2.95175,-6.13909,0.39452,0,1,0.9581,0.95615,-0.00613,-0.02294,5405.682,5921.98779,~?78.080?3
-2.87734,-6.07071,0.36431,0,1,0.9541,0.95343,-0.00519,-0.03133,5110.956,6565.28223,~?81.381?3
-2.90296,-6.00834,0.39452,0,1,0.9535,0.95234,-0.00465,-0.22791,4763.409,6268.17236,~?67.875?7
-2.78899,-6.09519,0.38445,0,1,0.9499,0.94754,-0.00298,0.01748,4818.1147,5206.69092,~?80.647
-2.84014,-6.04318,0.35488,0,1,0.9462,0.94457,-0.00615,0.14989,5287.367,4933.67725,~?76.089?2
-2.99322,-6.06931,0.39452,0,1,0.9433,0.94155,-0.00511,-0.06962,4994.3936,4977.6748,~?78.261?8
-2.86363,-6.09357,0.37524,0,1,0.9418,0.94137,-0.00627,0.22151,5456.72,4031.49951,~?80.851
-2.70602,-6.11184,0.381,0,1,0.9406,0.93923,-0.00422,0.14467,4225.1245,3653.19775,~?72.855?9
-2.92691,-6.13235,0.37438,0,1,0.9375,0.9367,-0.00679,0.08302,4985.1025,4468.13184,~?76.639?8
-2.84648,-6.07394,0.37916,0,1,0.9358,0.93397,-0.0045,-0.05806,4726.3057,5002.82764,~?79.910?7
-2.81619,-6.18842,0.38928,0,1,0.9317,0.92968,-0.00465,-0.27022,4620.503,7139.77734,~?87.447?3
-2.91629,-6.10799,0.36839,0,1,0.9278,0.92625,-0.00566,-0.18903,4769.523,5400.36279,~?79.460?7
-2.94566,-6.21836,0.39452,0,1,0.9245,0.92315,-0.00471,0.12783,5317.852,3554.04858,~?74.493?7
-2.85211,-6.1045,0.37438,0,1,0.9221,0.92059,-0.00683,-0.01175,5472.3096,5776.75879,~?71.928?8
-2.71597,-6.04138,0.38445,0,1,0.9205,0.91943,-0.00403,0.01659,3863.6848,3510.06201,~?64.588?5
-2.96828,-6.02792,0.36431,0,1,0.9196,0.91867,-0.00235,0.10049,5534.0933,6093.34619,~?68.167?3
-2.97305,-6.08473,0.36431,0,1,0.9175,0.91555,-0.0054,-0.07566,6168.607,6886.76367,~?77.019?9
-2.74744,-6.07284,0.39452,0,1,0.9136,0.9114,-0.00355,0.03755,4355.8315,4504.65625,~?65.818?3
-2.83007,-6.09388,0.39452,0,1,0.908,0.90558,-0.00684,0.0475,4772.716,3925.51489,~?73.961?6
-2.97295,-6.12484,0.33549,0,1,0.9032,0.90163,-0.00333,-0.17514,5454.288,6038.97119,~?82.569?3
-2.9234,-6.08321,0.35821,0,1,0.9002,0.89848,-0.00461,-0.09189,4761.085,6583.9668,~?74.552?4
-2.92968,-6.1156,0.35735,0,1,0.8978,0.8967,-0.00593,-0.23288,5608.2285,8020.88574,~?75.526
-2.78828,-6.04871,0.39452,0,1,0.8953,0.89394,-0.00682,-0.05807,4528.7075,4176.36035,~?69.472
-2.81434,-6.04021,0.38445,0,1,0.8929,0.89217,-0.00018,0.06474,4687.2925,3450.24658,~?81.450?7
-2.94451,-6.0652,0.36175,0,1,0.8915,0.89099,-0.00339,-0.03178,4996.698,6157.80029,~?69.551?8
-2.90275,-6.11032,0.38189,0,1,0.8897,0.88876,-0.00402,0.01806,6692.503,6681.13184,~?80.796?3
-2.81865,-6.05879,0.35682,0,1,0.8882,0.88683,-0.00605,0.04683,4725.157,4898.85303,~?74.276?6
-2.76579,-6.0605,0.39452,0,1,0.8846,0.88268,-0.00402,0.04244,4686.04,4033.21802,~?77.521?5
-2.93242,-6.12293,0.39452,0,1,0.8819,0.8803,-0.00605,-0.26085,4991.021,6542.87207,~?72.408?4
-2.86523,-6.06369,0.39452,0,1,0.878,0.87615,-0.00546,0.23677,4424.4805,1934.90881,~?79.686?1
-2.70067,-6.16099,0.34087,0,1,0.8739,0.87229,-0.00466,0.02542,4188.1465,4115.64502,~?76.516?5
-2.97409,-6.21766,0.36431,0,1,0.871,0.86847,-0.00443,0.11551,5402.839,4697.40527,~?86.395?7
-2.83459,-6.04021,0.38445,0,1,0.8663,0.86451,-0.00239,0.2075,4924.399,2832.36133,~?67.750?4
-3.00092,-6.08385,0.31396,0,1,0.8633,0.86215,-0.00094,0.07809,5463.069,6302.34033,~?89.841
-2.90559,-6.08873,0.39452,0,1,0.8618,0.86045,-0.00245,0.18474,5269.3716,4877.0957,~?98.885?9
-2.82765,-6.04559,0.39452,0,1,0.8601,0.85902,-0.00415,-0.01519,4296.532,4235.63037,~?72.597?8
-2.90438,-6.11423,0.38445,0,1,0.8566,0.85419,-0.00386,-0.06542,5944.335,6058.19531,~?98.953?5
-2.94003,-6.09502,0.34417,0,1,0.8529,0.85169,-0.00261,-0.11135,5276.4663,5543.36914,~?69.464?5
-2.75451,-6.09178,0.38445,0,1,0.8497,0.8479,-0.00421,-0.07131,4378.3096,5726.21484,~?67.99
-2.97943,-6.20286,0.35076,0,1,0.8468,0.84471,-0.00899,0.13336,5378.9272,3583.67432,~?98.904?1
-2.80417,-6.09064,0.39452,0,1,0.8432,0.84123,-0.00391,-0.08048,5211.1475,6133.47607,~?84.617?5
-2.8851,-6.02333,0.37479,0,1,0.8388,0.8372,-0.00461,-0.04002,4777.885,6081.35742,~?72.685?6
-2.82784,-6.06309,0.39452,0,1,0.8365,0.83514,0.0011,0.02124,4708.254,4566.9082,~?75.709?8
-2.93174,-6.16775,0.32799,0,1,0.8343,0.83291,-0.00523,-0.0069,4546.4653,4370.81396,~?94.790?5
-2.91691,-6.07396,0.39452,0,1,0.8319,0.83016,-0.00568,-0.02496,5365.1,5605.37793,~?70.132?2
-2.84577,-6.11424,0.3431,0,1,0.8288,0.82769,-0.00696,0.20656,4867.022,3687.26685,~?105.028
-2.85324,-6.12979,0.36431,0,1,0.8264,0.82529,-0.00469,-0.08687,5047.0503,5746.24658,~?87.085?5
-2.928,-6.04576,0.3597,0,1,0.8238,0.82308,-0.00563,0.0375,5391.3354,4021.51221,~?77.391
-2.86527,-6.04021,0.34922,0,1,0.8218,0.82032,-0.00433,-0.01588,4334.599,4054.92554,~?71.893?2
-2.83171,-6.0912,0.35412,0,1,0.8189,0.8181,-0.00387,-0.04216,5007.6455,4711.27246,~?77.688?1
-2.78966,-6.01065,0.38619,0,1,0.8176,0.81625,-0.00246,-0.10381,5010.0903,4880.61084,~?76.304?7
-2.75909,-6.05964,0.37438,0,1,0.8147,0.81333,-0.0033,-0.04954,4319.6978,4293.08643,~?79.476?4
-2.8645,-6.10954,0.36605,0,1,0.8112,0.80917,-0.00459,0.16902,5154.1045,3208.05225,~?65.384
-2.89908,-6.06619,0.37119,0,1,0.8072,0.80577,-0.0037,0.07383,5040.34,3870.88647,~?75.971?8
-2.63668,-6.08581,0.37438,0,1,0.8049,0.80318,-0.00544,0.05327,4195.2793,3708.88818,~?65.317?5
-2.99218,-6.11096,0.36431,0,1,0.8016,0.80069,-0.00388,-0.19355,5550.1377,6873.14453,~?85.197?1
-2.81681,-6.04819,0.39452,0,1,0.8008,0.8,-0.0008,0.24898,5170.023,3231.21436,~?67.070?4
-3.03028,-6.06027,0.39452,0,1,0.7977,0.79627,-0.00384,-0.09891,5594.3955,6698.73584,~?70.262?1
-2.86651,-6.07755,0.37438,0,1,0.7945,0.79187,-0.00784,-0.04834,5085.245,5551.18164,~?72.973?8
-2.86517,-6.04021,0.34417,0,1,0.7894,0.78745,-0.00665,-0.12072,6298.993,7911.12256,~?72.616?2
-2.78081,-6.05587,0.39452,0,1,0.7859,0.78448,-0.00416,0.03493,4474.5474,3757.03882,~?72.005?5
-2.77735,-6.11428,0.38445,0,1,0.7826,0.78063,-0.00457,-0.07037,4945.9673,5159.36523,~?62.144?1
-2.85313,-6.07544,0.36431,0,1,0.779,0.77762,-0.00451,-0.0725,4265.2695,4712.94482,~?82.087?8
-3.21959,-6.39095,0.39452,0,1,0.777,0.77552,-0.0034,-0.03744,7567.7407,7654.41455,~?175.356
-2.93626,-6.08619,0.39452,0,1,0.7742,0.77226,-0.00876,-0.04754,4505.3257,4443.12891,~?79.142?5
-2.85955,-6.05928,0.36431,0,1,0.7721,0.77089,-0.00203,0.06096,5606.157,4270.93457,~?69.759?4
-2.94691,-6.07204,0.3341,0,1,0.7699,0.76867,-0.00254,-0.20076,5263.5674,8090.5791,~?76.080?9
-3.00323,-6.09956,0.36651,0,1,0.7662,0.76479,-0.00464,-0.21293,6218.206,7877.26318,~?82.007?3
-2.81168,-6.11786,0.37438,0,1,0.7648,0.76426,-0.00375,0.05918,4144.151,3643.40015,~?77.985?6
-2.769,-6.12941,0.3945,0,1,0.7632,0.76127,-0.00577,-0.06605,4487.455,4991.28711,~?78.252?6
-2.85376,-6.05059,0.37821,0,1,0.7594,0.75747,-0.00428,-0.02508,4719.7476,4891.60303,~?74.378?7
-2.98756,-6.06606,0.38445,0,1,0.7571,0.75651,-0.00151,0.20234,5103.4297,2980.3916,~?84.712?1
-2.9124,-6.11143,0.35424,0,1,0.7543,0.75257,-0.00256,-0.2252,5016.404,7697.24219,~?87.419?3
-2.86219,-6.08067,0.38445,0,1,0.7504,0.74872,-0.00457,-0.09342,4914.3887,4535.60449,~?71.043?6
-2.92878,-6.08873,0.35424,0,1,0.7465,0.744,-0.0049,0.0615,5025.2944,5659.28857,~?80.123?9
-2.80392,-6.08874,0.37511,0,1,0.7424,0.74096,-0.00723,0.06457,4727.7256,4432.05615,~?65.503?6
-2.69823,-6.03379,0.37438,0,1,0.7409,0.7406,-0.00199,-0.05699,4722.818,5671.92041,~?70.742
-2.9443,-6.1537,0.37253,0,1,0.7393,0.73858,0.0002,-0.09332,4310.092,4979.12256,~?83.518?6
-2.97442,-6.20118,0.37438,0,1,0.7376,0.7367,-0.00158,0.07987,5412.243,4950.52637,~?82.120?1
-2.77282,-6.07577,0.31764,0,1,0.7349,0.7333,-0.00372,0.08533,4495.143,4241.30566,~?65.436?3
-2.78204,-6.12791,0.36431,0,1,0.7312,0.72941,-0.00522,0.06377,4671.8857,4020.56152,~?73.195
-2.87474,-6.18605,0.39452,0,1,0.7292,0.72809,-0.00384,0.05932,4960.851,3971.46436,~?85.82
-2.83366,-6.09056,0.36431,0,1,0.7275,0.72625,-0.00409,-0.09257,4880.3774,4985.47754,~?78.420?5
-2.72128,-6.08097,0.38445,0,1,0.7243,0.72324,-0.00624,0.03353,4859.955,4477.90674,~?62.682?2
-2.99998,-6.11512,0.38445,0,1,0.7232,0.72201,-0.00332,-0.08133,5427.2207,5945.66992,~?83.42
-3.00641,-6.05271,0.39452,0,1,0.7204,0.71912,-0.00166,0.00884,5112.056,4030.77563,~?80.188?7
-2.62437,-6.052,0.39452,0,1,0.7184,0.71747,-0.0038,0.24402,3435.3035,1118.55334,~?67.374?2
-2.89229,-6.116,0.36662,0,1,0.7151,0.71354,-0.00365,-0.02309,4930.809,5748.43262,~?74.539?4
-2.76483,-6.0834,0.39452,0,1,0.7122,0.71051,-0.00603,0.11436,6036.2744,5215.42236,~?72.471?6
-2.8977,-6.25842,0.37946,0,1,0.7085,0.7076,-0.00388,-0.01595,4750.088,4120.5791,~?94.403?6
-2.77511,-6.03951,0.38445,0,1,0.7062,0.70541,-0.00385,0.06073,4660.629,4035.78516,~?80.401?9
-2.85377,-6.05444,0.39452,0,1,0.7055,0.70521,-0.00195,0.09602,4852.255,3347.87378,~?71.210?7
-2.72985,-6.06784,0.38445,0,1,0.7038,0.70276,-0.00228,-0.14719,4938.782,5427.31445,~?67.977?1
-2.85286,-6.07458,0.39452,0,1,0.7026,0.70214,-0.00339,-0.02725,4719.2207,4575.95996,~?83.519?3
-2.98203,-6.1912,0.37438,0,1,0.7006,0.69861,-0.00929,0.12317,4931.4893,4792.58057,~?80.886?2
-2.99864,-6.23866,0.34417,0,1,0.6978,0.69619,-0.00399,0.00645,4833.458,4651.00928,~?94.704
-2.92919,-6.18356,0.38445,0,1,0.6939,0.69195,-0.00273,0.06322,5487.4575,5433.86719,~?90.67
-2.80202,-6.05358,0.36431,0,1,0.691,0.68984,0.00045,0.08674,5279.172,3403.99097,~?73.200?7
-2.76688,-6.07591,0.39452,0,1,0.6874,0.68552,-0.00453,0.07589,4879.8647,3759.88232,~?66.443?5
-2.88884,-6.16011,0.37438,0,1,0.6839,0.68273,-0.00437,0.05306,4860.4014,4916.66748,~?95.835?2
-2.93286,-6.05968,0.38445,0,1,0.6806,0.67932,-0.00177,0.1589,5089.878,4551.19971,~?71.522?1
-2.89598,-6.05093,0.38445,0,1,0.6769,0.67523,-0.0061,-0.24674,5470.243,6737.49756,~?95.704?9
-2.8207,-6.12601,0.39452,0,1,0.6727,0.67124,-0.00395,0.08537,3974.821,3678.57031,~?72.149?1
-2.76453,-6.07065,0.39452,0,1,0.6703,0.66924,-0.00621,-0.0227,5042.49,6143.4043,~?74.214?6
-2.77447,-6.08796,0.36431,0,1,0.6678,0.6673,-0.00123,-0.14739,4191.6406,5460.69092,~?77.841
-2.74838,-6.07746,0.38733,0,1,0.6655,0.66379,-0.00372,0.08407,4896.1426,3916.11719,~?81.312?7
-2.80246,-6.17338,0.38445,0,1,0.6639,0.6628,-0.00349,-0.05549,5090.083,6668.79102,~?83.932
-2.90633,-6.05371,0.3546,0,1,0.6623,0.66133,-0.00488,-0.23203,4862.327,5941.36621,~?84.315?5
-2.80997,-6.04021,0.38445,0,1,0.6611,0.66091,-0.00084,-0.29454,3715.1587,5625.47412,~?69.063?2
-2.77753,-6.07967,0.39452,0,1,0.659,0.65766,-0.00375,-0.05654,4410.302,4787.02637,~?76.049
-2.95829,-6.16433,0.36732,0,1,0.6575,0.65673,0.00028,0.12638,4840.4346,4065.26953,~?81.966?2
-2.93834,-6.10288,0.39452,0,1,0.6557,0.65414,-0.00374,-0.02965,4873.268,4692.67578,~?78.847?9
-2.81642,-6.11803,0.38445,0,1,0.6533,0.65141,-0.00482,0.16801,5036.622,4589.03271,~?76.576?5
-2.87186,-6.06801,0.39452,0,1,0.6506,0.64946,-0.0037,-0.05268,4787.4663,4463.23535,~?74.054?7
-2.86486,-6.15124,0.35843,0,1,0.6488,0.64746,-0.00563,0.01023,4114.3765,2956.18799,~?98.183?4
-2.76851,-6.05329,0.39452,0,1,0.6459,0.64432,-0.00485,0.07821,4677.032,4737.88867,~?65.363?4
-2.95371,-6.06946,0.39452,0,1,0.6428,0.64171,-0.00413,-0.10824,5484.218,6207.625,~?81.381?2
-2.91018,-6.03382,0.37797,0,1,0.6386,0.63615,-0.00391,-0.20207,5395.7256,7150.63184,~?71.792?8
-2.90854,-6.05399,0.36727,0,1,0.6341,0.63233,-0.00536,0.07547,5144.72,4481.16455,~?87.429?7
-2.97053,-6.05556,0.38445,0,1,0.6317,0.63028,-0.00361,-0.07613,5344.146,5148.10938,~?79.582?8
-2.85053,-6.02931,0.35441,0,1,0.6285,0.62781,-0.00288,-0.07973,4618.461,4863.81934,~?76.337?8
-2.83749,-6.10129,0.33096,0,1,0.6258,0.62433,-0.00206,-0.00744,4082.4727,4229.29297,~?86.393?7
-2.70058,-6.05727,0.37525,0,1,0.6235,0.62215,-0.00454,0.03652,4656.237,4496.93848,~?69.052?1
-2.9513,-6.18341,0.37438,0,1,0.6216,0.62018,-9.00E-05,0.15507,5366.4287,4014.82153,~?106.041
-2.82061,-6.02027,0.35436,0,1,0.6179,0.61644,-0.00568,-0.07323,6046.4497,6589.65186,~?74.306?6
-2.91781,-6.11857,0.37438,0,1,0.6148,0.61399,-0.00122,-0.01886,5572.744,5517.7085,~?75.503?8
-3.13391,-6.09079,0.37438,0,1,0.6122,0.6104,-0.00498,-0.17612,5936.1504,9073.27148,~?84.551?9
-2.91271,-6.07507,0.37438,0,1,0.61,0.60879,-0.0039,-0.10816,4795.9736,6333.4248,~?79.985
-2.88839,-6.12019,0.37438,0,1,0.608,0.60651,-0.00263,0.04792,5209.5596,5578.84961,~?76.153?7
-2.79958,-6.04353,0.39452,0,1,0.6052,0.60329,-0.00074,-0.23812,5118.2134,5943.63086,~?87.325?3
-2.7357,-6.16453,0.35424,0,1,0.6017,0.60041,-0.00473,-0.20943,3997.1226,4844.04346,~?66.792?9
-2.7866,-6.09477,0.39452,0,1,0.5984,0.59686,-0.00077,-0.12606,4887.634,5511.25488,~?90.121?8
-2.74905,-6.014,0.39452,0,1,0.5951,0.59337,-0.00139,-0.08729,5884.7827,7579.67773,~?76.663
-2.66911,-6.0813,0.39452,0,1,0.5919,0.59067,-0.00543,0.18291,4437.661,3569.57764,~?64.217?1
-2.83397,-6.08196,0.39452,0,1,0.5898,0.58801,-0.00269,0.17048,5066.522,3796.31665,~?79.701?2
-2.87032,-6.01918,0.38445,0,1,0.5857,0.5834,-0.00362,0.00416,4871.224,4527.97021,~?74.922?7
-2.81536,-6.12712,0.37645,0,1,0.5821,0.58062,-0.00185,0.15931,4561.3726,2992.62354,~?76.542?8
-2.79349,-6.12037,0.35424,0,1,0.5805,0.5794,-0.00318,-0.01295,5076.91,5412.00928,~?82.165?8
-2.79324,-6.07653,0.39452,0,1,0.5785,0.57771,-0.00307,-0.13052,4840.0444,5527.29688,~?78.814?8
-2.74982,-6.11147,0.37617,0,1,0.5767,0.57555,-0.00569,-0.09627,4625.5,5056.40039,~?71.677?3
-2.89313,-6.031,0.39452,0,1,0.5736,0.57215,-0.0011,-0.17237,5501.1885,5540.64404,~?70.103?4
-2.94341,-6.07745,0.37195,0,1,0.5707,0.56867,-0.00363,-0.043,5553.772,6421.30859,~?72.694?4
-2.97541,-6.09078,0.39452,0,1,0.5672,0.56569,-0.00536,-0.22106,5815.2847,7284.2876,~?81.076?6
-2.86416,-6.1077,0.39452,0,1,0.5644,0.56247,0.00072,0.06559,4832.235,4940.68896,~?74.858?3
-2.81489,-6.04242,0.39452,0,1,0.5619,0.56019,-0.00299,0.01564,5518.7524,4948.97168,~?81.038?3
-2.91689,-6.10402,0.35424,0,1,0.5581,0.55628,-0.0053,-0.00433,5813.646,5891.75391,~?76.272?5
-2.91965,-6.19101,0.37843,0,1,0.5544,0.55337,-0.00205,-0.13132,5032.845,7567.82129,~?80.003?6
-2.82745,-6.12196,0.39452,0,1,0.5522,0.55043,-0.00383,0.0317,4512.0654,3849.21899,~?67.485?5
-2.96247,-6.10812,0.38052,0,1,0.5482,0.54601,-0.00632,-0.23375,5692.7275,7316.84375,~?78.115
-2.74397,-6.06815,0.39207,0,1,0.5455,0.54454,-0.00597,0.04619,4372.5796,3765.64233,~?72.022
-2.76886,-6.14536,0.38445,0,1,0.5415,0.53893,-0.003,0.17057,5119.7705,4529.29346,~?77.725?8
-2.96048,-6.07191,0.38367,0,1,0.5378,0.5366,-0.00269,-0.05555,5067.8906,5298.40234,~?91.889?5
-2.88854,-6.10324,0.38445,0,1,0.5349,0.534,8.00E-05,0.07775,5839.755,5416.33789,~?89.094?6
-2.84056,-6.03651,0.37384,0,1,0.5342,0.53324,0.00169,0.15497,4221.862,3801.64429,~?76.275?8
-2.82259,-6.08638,0.35901,0,1,0.5324,0.53051,-0.00303,-0.04218,3993.366,4756.66113,~?80.038?9
-2.87427,-6.08266,0.38445,0,1,0.5297,0.52821,0.00342,0.10105,4915.091,4923.53174,~?78.12
-2.81302,-6.15228,0.36431,0,1,0.5269,0.52597,0.00171,0.07715,4936.1123,3919.27588,~?73.841?2
-3.06454,-6.08461,0.39452,0,1,0.5238,0.5217,-0.00578,-0.05084,5551.904,6289.76562,~?79.592?5
-2.82157,-6.06503,0.39452,0,1,0.5206,0.51916,0.00031,0.06037,5749.9834,4937.0127,~?75.881?1
-2.7907,-6.1661,0.34417,0,1,0.5175,0.51659,7.00E-05,0.12779,4784.1157,4230.59424,~?85.437?2
-2.81176,-6.04045,0.39452,0,1,0.5153,0.51415,0.0007,0.02515,4800.624,4456.84668,~?75.308?5
-2.88819,-6.05973,0.39452,0,1,0.5129,0.51135,-0.00026,-0.01069,5662.629,5089.34766,~?83.078?9
-2.97441,-6.08962,0.39452,0,1,0.5092,0.50775,-0.0022,0.07537,6007.0244,5634.22559,~?80.291?6
-2.89792,-6.05779,0.38218,0,1,0.5058,0.50513,-0.00315,0.01772,4353.9956,3956.34814,~?73.425?7
-2.85323,-6.18009,0.39452,0,1,0.5037,0.50172,-0.00646,0.11816,5519.814,4332.2627,~?83.712?3
-2.83722,-6.08674,0.32403,0,1,0.4999,0.49874,-0.0005,-0.01122,5229.1743,5764.76074,~?81.831?6
-2.81101,-6.10456,0.37438,0,1,0.4969,0.49478,-0.00238,0.12873,5875.4604,4454.98877,~?67.817?2
-2.93459,-6.05525,0.39452,0,1,0.4934,0.49156,-0.00194,-0.08141,4982.6797,5770.23389,~?82.902?9
-2.8595,-6.08033,0.39452,0,1,0.4912,0.49006,-0.00269,0.11306,4616.2812,3527.7876,~?77.601?5
-2.85081,-6.03171,0.37603,0,1,0.4881,0.48702,-0.00376,-0.07246,5505.628,6191.02246,~?67.262
-2.87964,-6.13003,0.36509,0,1,0.4851,0.48402,-0.00401,-0.11083,4970.9355,5500.06104,~?79.814?7
-2.71615,-6.01761,0.37981,0,1,0.482,0.48038,0.00082,-0.14223,4478.0703,4384.71143,~?73.158?2
-2.82329,-6.05924,0.35774,0,1,0.4786,0.47713,-0.00135,-0.05056,4395.3384,5496.81836,~?66.113?9
-2.8954,-6.26698,0.39452,0,1,0.4752,0.47374,-0.00153,-0.14083,5732.6797,6706.71875,~?121.421
-2.73411,-6.124,0.39452,0,1,0.4719,0.47074,-0.00055,0.01877,4771.855,4482.57764,~?76.432?2
-2.87171,-6.09803,0.38037,0,1,0.4699,0.46848,-0.00264,0.13889,4693.4756,4010.86426,~?80.991?2
-2.86685,-6.10842,0.35636,0,1,0.4686,0.46826,-0.00083,-0.03154,4618.582,5126.81152,~?86.540?1
-2.82747,-6.10507,0.38439,0,1,0.466,0.46423,0.00558,-0.06418,5457.189,5694.70312,~?87.910?1
-2.92228,-6.17595,0.37606,0,1,0.4628,0.46071,-0.00759,-0.10562,4824.839,5242.96387,~?71.286?6
-2.88329,-6.04939,0.37438,0,1,0.4597,0.45836,-0.00172,-0.03358,5041.4673,5738.80469,~?69.010?7
-2.98022,-6.11456,0.39452,0,1,0.4565,0.45564,-0.00109,-0.07582,6059.7783,6450.9126,~?87.005?4
-2.75294,-6.10127,0.35424,0,1,0.4553,0.4543,-0.00291,0.03717,4884.464,4081.39941,~?74.898?6
-2.82124,-6.04021,0.37945,0,1,0.4527,0.45111,-0.00551,0.28738,5446.8135,3296.60815,~?68.599?5
-2.80395,-6.06553,0.35894,0,1,0.4501,0.44903,-0.00198,0.13202,4668.6846,3702.65161,~?69.171?6
-2.89705,-6.14933,0.38445,0,1,0.4485,0.44715,0.00079,-0.02911,5017.6655,4581.23047,~?77.340?2
-2.90212,-6.08506,0.32615,0,1,0.4462,0.44501,0.00184,-0.08509,5224.1294,6267.28809,~?67.029?7
-2.86707,-6.06155,0.39452,0,1,0.4438,0.44274,0.00312,0.23529,4563.6045,2669.98438,~?78.539
-2.88952,-6.19296,0.3745,0,1,0.4423,0.44151,0.00205,0.02094,4218.657,2917.33154,~?70.190?4
-2.86094,-6.18535,0.37438,0,1,0.441,0.4404,-0.00411,-0.00479,4689.637,2702.42114,~?108.854
-2.78926,-6.05089,0.37438,0,1,0.4395,0.43785,-0.00124,-0.19328,4919.4414,5352.40137,~?71.381?8
-3.01828,-6.06398,0.39452,0,1,0.4377,0.43688,-0.00332,0.07369,4717.6294,3960.94873,~?79.826?5
-2.71309,-6.11131,0.35955,0,1,0.4357,0.43431,-0.00246,-0.04012,5109.546,6152.95654,~?82.788?9
-2.81276,-6.18018,0.39452,0,1,0.4323,0.43116,-0.00181,-0.22782,5219.208,7014.23779,~?86.590?4
-2.91091,-6.12847,0.34954,0,1,0.4295,0.4284,-0.00027,0.09587,5093.3906,4753.83057,~?77.673?6
-2.97161,-6.10558,0.37843,0,1,0.4259,0.42402,-0.00511,0.10872,5375.393,4523.74707,~?93.202?8
-2.70984,-6.14294,0.3749,0,1,0.4222,0.42108,-0.00358,-0.08344,5035.198,5501.14404,~?72.479?7
-2.80997,-6.12872,0.37438,0,1,0.4201,0.41965,0.00015,0.09627,5036.286,5183.65039,~?67.975?5
-2.82179,-6.23261,0.36874,0,1,0.4183,0.41583,0.00053,-0.13209,5255.6934,6395.52783,~?77.145?2
-2.76931,-6.07663,0.39452,0,1,0.4151,0.41412,-0.00306,-0.03103,4195.8657,3490.87646,~?80.157?7
-2.81726,-6.11511,0.32293,0,1,0.4121,0.4104,-0.00159,0.22094,5334.2354,3766.57129,~?73.841?6
-3.00862,-6.10235,0.37438,0,1,0.4092,0.40823,-0.00116,-0.02244,4799.793,4106.66797,~?74.619?6
-2.72303,-6.07833,0.38445,0,1,0.4078,0.40639,-0.00167,0.14751,4798.702,3601.93262,~?62.167?4
-2.86711,-6.07052,0.37438,0,1,0.4053,0.40403,-0.00538,-0.16524,3983.4883,5355.40088,~?67.636?4
-2.81339,-6.07408,0.35424,0,1,0.4026,0.40143,0.00136,-0.02324,4877.868,3946.0144,~?65.551?6
-2.77756,-6.08987,0.35424,0,1,0.4009,0.39971,-0.0035,-0.07863,3927.952,4036.13281,~?87.448?9
-2.78543,-6.0709,0.37438,0,1,0.3986,0.39691,-0.00116,-0.02471,4319.806,4603.67676,~?71.015?4
-2.89922,-6.13106,0.30693,0,1,0.3961,0.39553,0.00177,0.1257,4970.6353,4987.3418,~?70.652?1
-2.90102,-6.08295,0.35424,0,1,0.3944,0.39283,-0.00435,0.10587,5535.2666,3765.03638,~?81.696
-2.83854,-6.06067,0.3341,0,1,0.3916,0.39044,-0.00283,-0.2184,4527.709,6664.53906,~?67.943?4
-2.82824,-6.06646,0.37438,0,1,0.3888,0.38803,-0.0002,-0.32839,4543.8657,6269.02393,~?71.786?3
-2.78005,-6.08365,0.39452,0,1,0.3862,0.38502,-0.00088,-0.00827,5189.7705,5326.13623,~?72.929?1
-2.73245,-6.04179,0.39452,0,1,0.3831,0.38237,0.00176,-0.10603,3539.8445,4207.1748,~?71.133?2
-2.83364,-6.10376,0.35424,0,1,0.3813,0.37991,-0.00235,0.12144,5280.848,3348.68213,~?70.238?3
-2.65677,-6.02007,0.39452,0,1,0.3789,0.37789,-0.00304,0.0865,4064.6243,3405.99194,~?59.259?1
-2.84591,-6.22867,0.39452,0,1,0.376,0.37505,0.00113,0.02878,5122.0244,5369.59717,~?72.807?9
-2.7698,-6.03924,0.38445,0,1,0.3748,0.3735,-0.00509,-0.07005,4085.23,4592.37744,~?83.171?7
-2.81279,-6.08929,0.39452,0,1,0.3732,0.37258,-0.00082,-0.08433,4698.282,4655.65332,~?70.694?9
-2.8911,-6.1032,0.37438,0,1,0.3713,0.36989,0.00086,-0.21101,4772.2056,5408.50635,~?84.433?4
-2.82345,-6.03669,0.37438,0,1,0.3692,0.3683,0.00154,-0.0385,5089.2056,6116.0127,~?76.890?7
-2.82265,-6.15014,0.37438,0,1,0.3678,0.36663,-0.00239,-0.09282,4785.7373,5858.33496,~?67.572
-2.88288,-6.03098,0.39452,0,1,0.3645,0.36309,-0.00468,-0.19858,4572.073,6024.63867,~?72.143?8
-2.99786,-6.18715,0.39452,0,1,0.3608,0.35992,-0.00178,-0.11316,5363.566,5705.07129,~?76.469?8
-2.82855,-6.02007,0.3904,0,1,0.3586,0.35792,0.00021,0.07218,4051.8345,2767.91846,~?65.866
-2.70259,-6.13392,0.38445,0,1,0.3561,0.3548,-0.00085,0.02257,4190.1313,4304.16992,~?71.718?2
-2.76879,-6.06881,0.3341,0,1,0.3546,0.35374,-0.00022,0.06357,4719.1416,3811.14062,~?82.984?1
-2.77745,-6.06859,0.39452,0,1,0.3535,0.35259,0.0003,-0.06452,4573.127,4699.26465,~?86.064
-2.86713,-6.04021,0.36163,0,1,0.3501,0.34792,-0.00321,-0.04699,5683.6807,5832.1792,~?81.690?9
-2.89851,-6.06212,0.39452,0,1,0.3462,0.34544,-0.00438,-0.17961,5735.8677,6694.54492,~?74.633?5
-2.75918,-6.07949,0.39452,0,1,0.3441,0.34354,0.0016,-0.12145,4614.225,6071.8291,~?64.627
-2.7743,-6.06158,0.34688,0,1,0.3418,0.34105,-0.00146,-0.12449,4991.7734,6477.43799,~?81.558?3
-2.83948,-6.10818,0.38445,0,1,0.341,0.33977,0.00051,-0.17824,5052.535,7422.45215,~?69.096?6
-2.75997,-6.07271,0.38445,0,1,0.3392,0.33793,0.00019,-0.01318,4829.4863,3989.1665,~?69.263?1
-2.80679,-6.03296,0.38445,0,1,0.3369,0.33631,-0.00161,0.12354,3980.6438,3475.64404,~?75.294?9
-2.90083,-6.06895,0.38773,0,1,0.3351,0.33431,-0.00451,-0.12176,5353.5493,6885.58301,~?72.340?5
-2.87965,-6.00551,0.38445,0,1,0.3314,0.32917,-0.00075,0.0149,4480.4766,5210.77686,~?80.502?2
-2.89053,-6.07278,0.39379,0,1,0.3268,0.32492,-0.00063,-0.08769,5378.497,6587.45068,~?84.103?1
-2.79935,-6.05228,0.38445,0,1,0.3237,0.32285,0.00016,0.11667,5167.8,3750.00049,~?72.730?4
-2.75386,-6.11723,0.39175,0,1,0.3218,0.3215,-0.00164,-0.08798,3839.2742,3974.31885,~?78.762?8
-3.00457,-6.12682,0.37468,0,1,0.3202,0.31834,0.0003,-0.05177,5802.2974,6051.30859,~?103.905
-2.91378,-6.0789,0.32533,0,1,0.3168,0.31519,0.00107,0.07046,4541.6025,4047.70117,~?83.158?9
-2.75786,-6.08218,0.38445,0,1,0.3134,0.31219,0.00257,-0.26794,5022.3643,6962.08984,~?68.964?5
-2.73668,-6.06981,0.39452,0,1,0.3116,0.3106,0.00754,-0.01217,4175.845,4581.39697,~?67.773?5
-2.90085,-6.11186,0.37438,0,1,0.3099,0.30874,-0.00384,-0.09018,4856.5894,6740.89648,~?75.961?6
-2.69322,-6.08149,0.38299,0,1,0.3085,0.30776,0.00052,-0.03801,4678.9834,5027.15723,~?72.519
-2.81257,-6.16619,0.39452,0,1,0.3069,0.30569,0.00064,0.15343,4615.53,3101.52197,~?81.215?7
-2.75046,-6.12652,0.35424,0,1,0.3036,0.3018,-0.00365,0.05276,5212.198,4770.08301,~?78.453?6
-2.88424,-6.0726,0.36431,0,1,0.2993,0.29824,0.00549,0.05857,4578.7095,4107.8208,~?78.372?3
-2.76792,-6.0513,0.39452,0,1,0.297,0.29587,-0.00072,0.082,4500.511,4283.87402,~?74.059?2
-2.81805,-6.08802,0.38445,0,1,0.2948,0.29324,0.00282,0.05241,4722.6294,4667.9541,~?76.364?9
-3.04108,-6.22398,0.37438,0,1,0.2928,0.29212,-0.00203,0.00062,6764.695,7551.39355,~?105.805
-2.85621,-6.0563,0.38445,0,1,0.2898,0.28736,-0.00675,-0.09053,4101.218,4661.00146,~?85.848?3
-2.77906,-6.08001,0.38445,0,1,0.2865,0.28584,-0.00023,-0.08207,5396.185,7004.36475,~?78.097?4
-2.96418,-6.12724,0.38445,0,1,0.2844,0.28351,0.00098,0.05113,5799.599,6507.27588,~?105.019
-2.78174,-6.03014,0.38445,0,1,0.2824,0.28082,0.00104,-0.00172,4379.953,4505.25781,~?76.902?4
-2.85262,-6.1128,0.37594,0,1,0.2786,0.27739,-0.00036,-0.10063,4735.7607,5331.36182,~?78.47
-2.79155,-6.07541,0.37364,0,1,0.2763,0.27545,0.00519,-0.04353,4427.172,4597.76221,~?68.960?4
-2.80656,-6.08243,0.39452,0,1,0.2734,0.27273,-0.00044,0.07983,4224.4077,4283.9292,~?69.415?4
-2.9684,-6.14691,0.37558,0,1,0.2735,0.27328,0.00141,0.01194,5048.7944,4125.96191,~?96.657?6
-2.70071,-6.03823,0.37438,0,1,0.2728,0.27137,-0.00015,-0.22179,5445.084,7699.80127,~?73.312?3
-2.72172,-6.04784,0.38445,0,1,0.2698,0.26847,0.00169,-0.05594,3749.0444,4333.53906,~?64.227?7
-2.97216,-6.06225,0.35588,0,1,0.2682,0.26708,-0.00885,-0.05041,4845.611,5458.4668,~?83.945?2
-2.93518,-6.07213,0.34114,0,1,0.2665,0.26559,-0.00177,-0.00221,4303.7983,5368.25879,~?83.846?3
-2.77248,-6.11717,0.34417,0,1,0.2646,0.26321,-0.00284,-0.1891,4606.442,6156.87891,~?65.761?9
-2.91638,-6.1622,0.35424,0,1,0.2634,0.26321,0.00094,0.04485,4776.0093,6619.20605,~?84.088?7
-2.95842,-6.10014,0.38441,0,1,0.2624,0.26176,-0.00308,-0.11596,5799.384,6393.87744,~?76.348?8
-2.87943,-6.10241,0.36431,0,1,0.2607,0.25905,-0.00238,-0.05661,5282.1943,5282.05371,~?86.354
-2.91027,-6.10691,0.39452,0,1,0.2582,0.2576,0.00102,-0.02247,5548.0986,6901.95801,~?84.342?4
-2.89612,-6.08842,0.38445,0,1,0.2559,0.25436,-0.00055,0.01145,5176.5327,5324.05371,~?71.637?7
-2.76476,-6.09464,0.37907,0,1,0.2535,0.2521,-0.00049,-0.05476,5457.353,6285.56982,~?65.588
-2.81423,-6.08631,0.37438,0,1,0.2518,0.25117,-0.00207,-0.09992,4704.6597,5822.76807,~?75.157?1
-2.86488,-6.07745,0.39452,0,1,0.2498,0.24863,-0.00081,-0.07053,4891.96,5914.4502,~?83.094?1
-2.89554,-6.10552,0.39452,0,1,0.2481,0.2471,0.00648,-0.06672,4696.654,4064.87256,~?85.091?5
-2.9571,-6.09527,0.38445,0,1,0.2465,0.24546,-0.00371,0.04785,4766.729,4378.99805,~?77.92
-2.86615,-6.13673,0.39308,0,1,0.2445,0.24364,-0.00482,0.02902,5252.249,4808.24805,~?83.671?6
-2.72039,-6.04135,0.35424,0,1,0.2423,0.24173,-2.00E-05,-0.11227,4422.913,5489.48389,~?69.222?8
-2.89521,-6.07429,0.37438,0,1,0.2392,0.23777,0.00104,-0.03732,4354.521,4703.19873,~?78.649?9
-2.84569,-6.10071,0.39452,0,1,0.2369,0.23517,2.00E-05,-0.14978,4096.7876,5194.8667,~?80.140?5
-2.89649,-6.25709,0.38445,0,1,0.2351,0.23459,-0.00051,-0.01946,4976.8667,4157.90918,~?101.796
-2.74414,-6.0987,0.38445,0,1,0.2337,0.23242,-0.00226,-0.09143,4378.452,4738.90332,~?71.707?8
-2.91891,-6.07894,0.37438,0,1,0.2312,0.23013,0.00253,-0.05091,5679.54,5812.1626,~?81.009?6
-2.87864,-6.10053,0.33924,0,1,0.2267,0.22389,-0.00209,0.04681,4923.1245,4090.28662,~?76.408?9
-2.9471,-6.17445,0.3341,0,1,0.2221,0.22094,-0.00346,0.14989,5415.205,3427.52002,~?115.076
-2.88952,-6.10038,0.3729,0,1,0.219,0.21733,-0.00087,0.0862,5318.438,4321.03418,~?80.23
-2.81364,-6.08209,0.37438,0,1,0.2159,0.21499,0.0023,0.12389,4648.468,3950.01489,~?83.386?5
-2.77313,-6.03014,0.39452,0,1,0.213,0.21213,0.00438,0.07563,4840.8643,3338.29346,~?72.881?2
-2.93769,-6.12151,0.38445,0,1,0.21,0.20881,-0.0044,-0.29896,5025.014,7935.37158,~?81.182
-2.93792,-6.06578,0.34826,0,1,0.207,0.20563,-0.00147,0.10123,4964.9624,4397.99219,~?79.538?1
-2.95072,-6.10376,0.37438,0,1,0.2031,0.20137,-0.00362,0.03999,5482.8994,5558.90381,~?93.379?2
-2.82706,-6.08761,0.39452,0,1,0.1991,0.19745,-0.00403,-0.05327,5311.117,5703.56348,~?71.384?3
-2.80133,-6.0295,0.39182,0,1,0.1966,0.19618,-0.0007,0.08625,5088.7188,3988.62036,~?64.876?3
-2.96616,-6.12907,0.39452,0,1,0.1954,0.19377,0.00082,0.10729,5594.8896,5716.62451,~?99.537?9
-2.87731,-6.1803,0.35424,0,1,0.1918,0.19067,0.00089,-0.02422,4200.6396,4823.49854,~?93.809?7
-2.94238,-6.09124,0.38445,0,1,0.1902,0.18923,-0.00084,-0.11896,4812.3447,6412.48535,~?84.653?5
-2.73753,-6.10556,0.34628,0,1,0.1878,0.18667,-0.00023,0.17922,4621.5303,2721.04297,~?77.334?6
-2.74121,-6.03014,0.37438,0,1,0.1867,0.18543,0.00357,-0.03637,5107.0283,4360.05273,~?82.732?3
-2.80012,-6.04021,0.37438,0,1,0.1844,0.18323,-0.00179,0.24805,4138.7275,2481.70117,~?66.548?8
-2.97192,-6.11108,0.39452,0,1,0.1826,0.18171,0.00191,-0.11792,4796.1084,5084.46875,~?83.068?6
-2.8716,-6.12423,0.39452,0,1,0.1803,0.17906,-0.00169,-0.0322,5862.6055,5438.08691,~?90.036?2
-2.73431,-6.07381,0.37438,0,1,0.1766,0.17478,0.01089,0.0277,5221.535,5309.02832,~?75.886?6
-2.96077,-6.11509,0.36431,0,1,0.1748,0.17364,0.00652,-0.26543,5427.121,6796.5166,~?83.629
-2.89138,-6.07202,0.39452,0,1,0.1721,0.1716,-0.00066,-0.05879,4917.995,5999.35352,~?78.620?8
-2.92867,-6.06494,0.36515,0,1,0.1707,0.16985,4.00E-05,-0.16128,5088.026,6564.01416,~?73.692?1
-2.86704,-6.1649,0.38445,0,1,0.1704,0.17014,-2.00E-05,-0.04437,4477.603,4966.11621,~?81.731?8
-2.85076,-6.19057,0.38722,0,1,0.1687,0.16782,0.00329,-0.07016,5085.5728,4779.78223,~?79.412?5
-2.83918,-6.08565,0.3792,0,1,0.1666,0.16597,-0.00031,0.00414,4766.6006,5553.39307,~?71.315?4
-2.80379,-6.0749,0.39452,0,1,0.1659,0.16472,0.00114,0.00531,4985.949,3834.90527,~?63.136?6
-2.90533,-6.09127,0.32029,0,1,0.1644,0.1631,0.00196,-0.0511,5094.7065,5842.17676,~?74.936
-2.86191,-6.11205,0.39452,0,1,0.1617,0.16077,0.0007,0.0764,5023.935,6178.19434,~?69.643?4
-2.95472,-6.08384,0.38112,0,1,0.1601,0.15928,0.00693,-0.02141,4421.3535,5378.82129,~?75.766?9
-2.84921,-6.12265,0.38721,0,1,0.1595,0.15929,0.00243,-0.01198,4139.4575,3963.20532,~?87.211?2
-2.87316,-6.09552,0.39452,0,1,0.1567,0.15493,-0.005,-0.12639,5872.947,6688.17041,~?76.413?4
-2.39481,-6.04498,0.92789,0,1,0.4565,0.45625,-0.00845,0.01604,4195.726,3829.86353,~?81.182?8
